Año,Mes,ID,Fecha,Estado,Citacion,Cuenta,Acta
2026,Marzo,225,03 mar. 2026,CITADA,https://www.camara.cl/legislacion/comisiones/citacion_detalle.aspx?prmId=3317&prmIdSesion=81303,No,No
2026,Enero,224,27 ene. 2026,CELEBRADA,https://www.camara.cl/legislacion/comisiones/citacion_detalle.aspx?prmId=3317&prmIdSesion=81236,https://www.camara.cl/verDoc.aspx?prmID=381190&prmTipo=DOCUMENTO_COMISION,No
2026,Enero,223,20 ene. 2026,CELEBRADA,https://www.camara.cl/legislacion/comisiones/citacion_detalle.aspx?prmId=3317&prmIdSesion=81212,https://www.camara.cl/verDoc.aspx?prmID=379992&prmTipo=DOCUMENTO_COMISION,No
2026,Enero,222,13 ene. 2026,CELEBRADA,https://www.camara.cl/legislacion/comisiones/citacion_detalle.aspx?prmId=3317&prmIdSesion=81143,https://www.camara.cl/verDoc.aspx?prmID=379237&prmTipo=DOCUMENTO_COMISION,https://www.camara.cl/verDoc.aspx?prmID=379748&prmTipo=DOCUMENTO_COMISION
2026,Enero,221,06 ene. 2026,CELEBRADA,https://www.camara.cl/legislacion/comisiones/citacion_detalle.aspx?prmId=3317&prmIdSesion=81106,https://www.camara.cl/verDoc.aspx?prmID=378245&prmTipo=DOCUMENTO_COMISION,https://www.camara.cl/verDoc.aspx?prmID=379747&prmTipo=DOCUMENTO_COMISION
2025,Diciembre,220,16 dic. 2025,CELEBRADA,https://www.camara.cl/legislacion/comisiones/citacion_detalle.aspx?prmId=3317&prmIdSesion=81063,https://www.camara.cl/verDoc.aspx?prmID=376450&prmTipo=DOCUMENTO_COMISION,https://www.camara.cl/verDoc.aspx?prmID=379746&prmTipo=DOCUMENTO_COMISION
2025,Diciembre,219,09 dic. 2025,CELEBRADA,https://www.camara.cl/legislacion/comisiones/citacion_detalle.aspx?prmId=3317&prmIdSesion=81036,https://www.camara.cl/verDoc.aspx?prmID=376158&prmTipo=DOCUMENTO_COMISION,https://www.camara.cl/verDoc.aspx?prmID=379745&prmTipo=DOCUMENTO_COMISION
2025,Diciembre,218,04 dic. 2025,CELEBRADA,https://www.camara.cl/legislacion/comisiones/citacion_detalle.aspx?prmId=3317&prmIdSesion=81018,https://www.camara.cl/verDoc.aspx?prmID=375347&prmTipo=DOCUMENTO_COMISION,https://www.camara.cl/verDoc.aspx?prmID=379744&prmTipo=DOCUMENTO_COMISION
2025,Diciembre,217,02 dic. 2025,CELEBRADA,https://www.camara.cl/legislacion/comisiones/citacion_detalle.aspx?prmId=3317&prmIdSesion=81017,https://www.camara.cl/verDoc.aspx?prmID=374907&prmTipo=DOCUMENTO_COMISION,https://www.camara.cl/verDoc.aspx?prmID=376649&prmTipo=DOCUMENTO_COMISION
2025,Noviembre,216,25 nov. 2025,CELEBRADA,https://www.camara.cl/legislacion/comisiones/citacion_detalle.aspx?prmId=3317&prmIdSesion=80976,https://www.camara.cl/verDoc.aspx?prmID=374259&prmTipo=DOCUMENTO_COMISION,https://www.camara.cl/verDoc.aspx?prmID=376647&prmTipo=DOCUMENTO_COMISION
2025,Noviembre,215,04 nov. 2025,CELEBRADA,https://www.camara.cl/legislacion/comisiones/citacion_detalle.aspx?prmId=3317&prmIdSesion=80897,https://www.camara.cl/verDoc.aspx?prmID=373171&prmTipo=DOCUMENTO_COMISION,https://www.camara.cl/verDoc.aspx?prmID=373452&prmTipo=DOCUMENTO_COMISION
2025,Octubre,214,28 oct. 2025,CELEBRADA,https://www.camara.cl/legislacion/comisiones/citacion_detalle.aspx?prmId=3317&prmIdSesion=80881,https://www.camara.cl/verDoc.aspx?prmID=372369&prmTipo=DOCUMENTO_COMISION,https://www.camara.cl/verDoc.aspx?prmID=373451&prmTipo=DOCUMENTO_COMISION
2025,Octubre,213,14 oct. 2025,CELEBRADA,https://www.camara.cl/legislacion/comisiones/citacion_detalle.aspx?prmId=3317&prmIdSesion=80833,https://www.camara.cl/verDoc.aspx?prmID=371061&prmTipo=DOCUMENTO_COMISION,https://www.camara.cl/verDoc.aspx?prmID=373450&prmTipo=DOCUMENTO_COMISION
2025,Octubre,212,07 oct. 2025,CELEBRADA,https://www.camara.cl/legislacion/comisiones/citacion_detalle.aspx?prmId=3317&prmIdSesion=80783,https://www.camara.cl/verDoc.aspx?prmID=371498&prmTipo=DOCUMENTO_COMISION,https://www.camara.cl/verDoc.aspx?prmID=371562&prmTipo=DOCUMENTO_COMISION
2025,Septiembre,211,30 sep. 2025,CELEBRADA,https://www.camara.cl/legislacion/comisiones/citacion_detalle.aspx?prmId=3317&prmIdSesion=80733,https://www.camara.cl/verDoc.aspx?prmID=368980&prmTipo=DOCUMENTO_COMISION,https://www.camara.cl/verDoc.aspx?prmID=369729&prmTipo=DOCUMENTO_COMISION
2025,Septiembre,210,16 sep. 2025,CELEBRADA,https://www.camara.cl/legislacion/comisiones/citacion_detalle.aspx?prmId=3317&prmIdSesion=80703,https://www.camara.cl/verDoc.aspx?prmID=368094&prmTipo=DOCUMENTO_COMISION,https://www.camara.cl/verDoc.aspx?prmID=373640&prmTipo=DOCUMENTO_COMISION
2025,Septiembre,209,09 sep. 2025,CELEBRADA,https://www.camara.cl/legislacion/comisiones/citacion_detalle.aspx?prmId=3317&prmIdSesion=80677,https://www.camara.cl/verDoc.aspx?prmID=367049&prmTipo=DOCUMENTO_COMISION,https://www.camara.cl/verDoc.aspx?prmID=373639&prmTipo=DOCUMENTO_COMISION
2025,Septiembre,208,02 sep. 2025,CELEBRADA,https://www.camara.cl/legislacion/comisiones/citacion_detalle.aspx?prmId=3317&prmIdSesion=80626,https://www.camara.cl/verDoc.aspx?prmID=365994&prmTipo=DOCUMENTO_COMISION,https://www.camara.cl/verDoc.aspx?prmID=368489&prmTipo=DOCUMENTO_COMISION
2025,Agosto,207,19 ago. 2025,CELEBRADA,https://www.camara.cl/legislacion/comisiones/citacion_detalle.aspx?prmId=3317&prmIdSesion=80563,https://www.camara.cl/verDoc.aspx?prmID=364643&prmTipo=DOCUMENTO_COMISION,https://www.camara.cl/verDoc.aspx?prmID=368488&prmTipo=DOCUMENTO_COMISION
2025,Agosto,206,12 ago. 2025,CELEBRADA,https://www.camara.cl/legislacion/comisiones/citacion_detalle.aspx?prmId=3317&prmIdSesion=80522,https://www.camara.cl/verDoc.aspx?prmID=363692&prmTipo=DOCUMENTO_COMISION,https://www.camara.cl/verDoc.aspx?prmID=368487&prmTipo=DOCUMENTO_COMISION
2025,Agosto,205,05 ago. 2025,CELEBRADA,https://www.camara.cl/legislacion/comisiones/citacion_detalle.aspx?prmId=3317&prmIdSesion=80477,https://www.camara.cl/verDoc.aspx?prmID=362636&prmTipo=DOCUMENTO_COMISION,https://www.camara.cl/verDoc.aspx?prmID=368486&prmTipo=DOCUMENTO_COMISION
2025,Julio,204,22 jul. 2025,CELEBRADA,https://www.camara.cl/legislacion/comisiones/citacion_detalle.aspx?prmId=3317&prmIdSesion=80419,https://www.camara.cl/verDoc.aspx?prmID=359775&prmTipo=DOCUMENTO_COMISION,https://www.camara.cl/verDoc.aspx?prmID=365717&prmTipo=DOCUMENTO_COMISION
2025,Julio,203,15 jul. 2025,CELEBRADA,https://www.camara.cl/legislacion/comisiones/citacion_detalle.aspx?prmId=3317&prmIdSesion=80354,https://www.camara.cl/verDoc.aspx?prmID=359005&prmTipo=DOCUMENTO_COMISION,https://www.camara.cl/verDoc.aspx?prmID=361382&prmTipo=DOCUMENTO_COMISION
2025,Julio,202,08 jul. 2025,CELEBRADA,https://www.camara.cl/legislacion/comisiones/citacion_detalle.aspx?prmId=3317&prmIdSesion=80331,https://www.camara.cl/verDoc.aspx?prmID=357547&prmTipo=DOCUMENTO_COMISION,https://www.camara.cl/verDoc.aspx?prmID=361381&prmTipo=DOCUMENTO_COMISION
2025,Julio,201,01 jul. 2025,CELEBRADA,https://www.camara.cl/legislacion/comisiones/citacion_detalle.aspx?prmId=3317&prmIdSesion=80277,https://www.camara.cl/verDoc.aspx?prmID=356627&prmTipo=DOCUMENTO_COMISION,https://www.camara.cl/verDoc.aspx?prmID=357449&prmTipo=DOCUMENTO_COMISION
2025,Junio,200,17 jun. 2025,CELEBRADA,https://www.camara.cl/legislacion/comisiones/citacion_detalle.aspx?prmId=3317&prmIdSesion=80230,https://www.camara.cl/verDoc.aspx?prmID=355377&prmTipo=DOCUMENTO_COMISION,https://www.camara.cl/verDoc.aspx?prmID=357448&prmTipo=DOCUMENTO_COMISION
2025,Junio,199,12 jun. 2025,CELEBRADA,https://www.camara.cl/legislacion/comisiones/citacion_detalle.aspx?prmId=3317&prmIdSesion=80157,https://www.camara.cl/verDoc.aspx?prmID=354876&prmTipo=DOCUMENTO_COMISION,https://www.camara.cl/verDoc.aspx?prmID=373449&prmTipo=DOCUMENTO_COMISION
2025,Junio,198,10 jun. 2025,CELEBRADA,https://www.camara.cl/legislacion/comisiones/citacion_detalle.aspx?prmId=3317&prmIdSesion=80195,https://www.camara.cl/verDoc.aspx?prmID=354441&prmTipo=DOCUMENTO_COMISION,https://www.camara.cl/verDoc.aspx?prmID=361099&prmTipo=DOCUMENTO_COMISION
2025,Junio,197,09 jun. 2025,CELEBRADA,https://www.camara.cl/legislacion/comisiones/citacion_detalle.aspx?prmId=3317&prmIdSesion=80160,https://www.camara.cl/verDoc.aspx?prmID=354074&prmTipo=DOCUMENTO_COMISION,https://www.camara.cl/verDoc.aspx?prmID=361098&prmTipo=DOCUMENTO_COMISION
2025,Junio,196,03 jun. 2025,CELEBRADA,https://www.camara.cl/legislacion/comisiones/citacion_detalle.aspx?prmId=3317&prmIdSesion=80114,https://www.camara.cl/verDoc.aspx?prmID=353097&prmTipo=DOCUMENTO_COMISION,https://www.camara.cl/verDoc.aspx?prmID=361097&prmTipo=DOCUMENTO_COMISION
2025,Junio,195,02 jun. 2025,CELEBRADA,https://www.camara.cl/legislacion/comisiones/citacion_detalle.aspx?prmId=3317&prmIdSesion=80140,https://www.camara.cl/verDoc.aspx?prmID=352625&prmTipo=DOCUMENTO_COMISION,https://www.camara.cl/verDoc.aspx?prmID=354031&prmTipo=DOCUMENTO_COMISION
2025,Mayo,194,19 may. 2025,CELEBRADA,https://www.camara.cl/legislacion/comisiones/citacion_detalle.aspx?prmId=3317&prmIdSesion=80084,https://www.camara.cl/verDoc.aspx?prmID=351870&prmTipo=DOCUMENTO_COMISION,https://www.camara.cl/verDoc.aspx?prmID=357288&prmTipo=DOCUMENTO_COMISION
2025,Mayo,193,13 may. 2025,CELEBRADA,https://www.camara.cl/legislacion/comisiones/citacion_detalle.aspx?prmId=3317&prmIdSesion=80041,https://www.camara.cl/verDoc.aspx?prmID=350409&prmTipo=DOCUMENTO_COMISION,https://www.camara.cl/verDoc.aspx?prmID=354028&prmTipo=DOCUMENTO_COMISION
2025,Mayo,192,12 may. 2025,CELEBRADA,https://www.camara.cl/legislacion/comisiones/citacion_detalle.aspx?prmId=3317&prmIdSesion=80038,https://www.camara.cl/verDoc.aspx?prmID=350110&prmTipo=DOCUMENTO_COMISION,https://www.camara.cl/verDoc.aspx?prmID=354027&prmTipo=DOCUMENTO_COMISION
2025,Mayo,191,06 may. 2025,CELEBRADA,https://www.camara.cl/legislacion/comisiones/citacion_detalle.aspx?prmId=3317&prmIdSesion=79986,https://www.camara.cl/verDoc.aspx?prmID=349460&prmTipo=DOCUMENTO_COMISION,https://www.camara.cl/verDoc.aspx?prmID=355307&prmTipo=DOCUMENTO_COMISION
2025,Mayo,190,05 may. 2025,CELEBRADA,https://www.camara.cl/legislacion/comisiones/citacion_detalle.aspx?prmId=3317&prmIdSesion=79984,https://www.camara.cl/verDoc.aspx?prmID=348730&prmTipo=DOCUMENTO_COMISION,https://www.camara.cl/verDoc.aspx?prmID=355124&prmTipo=DOCUMENTO_COMISION
2025,Abril,189,22 abr. 2025,CELEBRADA,https://www.camara.cl/legislacion/comisiones/citacion_detalle.aspx?prmId=3317&prmIdSesion=79941,https://www.camara.cl/verDoc.aspx?prmID=347687&prmTipo=DOCUMENTO_COMISION,https://www.camara.cl/verDoc.aspx?prmID=352352&prmTipo=DOCUMENTO_COMISION
2025,Abril,188,21 abr. 2025,CELEBRADA,https://www.camara.cl/legislacion/comisiones/citacion_detalle.aspx?prmId=3317&prmIdSesion=79940,https://www.camara.cl/verDoc.aspx?prmID=347162&prmTipo=DOCUMENTO_COMISION,https://www.camara.cl/verDoc.aspx?prmID=352351&prmTipo=DOCUMENTO_COMISION
2025,Abril,187,15 abr. 2025,CELEBRADA,https://www.camara.cl/legislacion/comisiones/citacion_detalle.aspx?prmId=3317&prmIdSesion=79902,https://www.camara.cl/verDoc.aspx?prmID=346403&prmTipo=DOCUMENTO_COMISION,https://www.camara.cl/verDoc.aspx?prmID=352118&prmTipo=DOCUMENTO_COMISION
2025,Abril,186,14 abr. 2025,CELEBRADA,https://www.camara.cl/legislacion/comisiones/citacion_detalle.aspx?prmId=3317&prmIdSesion=79868,https://www.camara.cl/verDoc.aspx?prmID=346086&prmTipo=DOCUMENTO_COMISION,https://www.camara.cl/verDoc.aspx?prmID=352117&prmTipo=DOCUMENTO_COMISION
2025,Abril,185,08 abr. 2025,CELEBRADA,https://www.camara.cl/legislacion/comisiones/citacion_detalle.aspx?prmId=3317&prmIdSesion=79832,https://www.camara.cl/verDoc.aspx?prmID=345361&prmTipo=DOCUMENTO_COMISION,https://www.camara.cl/verDoc.aspx?prmID=352115&prmTipo=DOCUMENTO_COMISION
2025,Abril,184,07 abr. 2025,CELEBRADA,https://www.camara.cl/legislacion/comisiones/citacion_detalle.aspx?prmId=3317&prmIdSesion=79829,https://www.camara.cl/verDoc.aspx?prmID=344861&prmTipo=DOCUMENTO_COMISION,https://www.camara.cl/verDoc.aspx?prmID=352114&prmTipo=DOCUMENTO_COMISION
2025,Marzo,183,25 mar. 2025,CELEBRADA,https://www.camara.cl/legislacion/comisiones/citacion_detalle.aspx?prmId=3317&prmIdSesion=79789,https://www.camara.cl/verDoc.aspx?prmID=343999&prmTipo=DOCUMENTO_COMISION,https://www.camara.cl/verDoc.aspx?prmID=345843&prmTipo=DOCUMENTO_COMISION
2025,Marzo,182,24 mar. 2025,CELEBRADA,https://www.camara.cl/legislacion/comisiones/citacion_detalle.aspx?prmId=3317&prmIdSesion=79787,https://www.camara.cl/verDoc.aspx?prmID=343682&prmTipo=DOCUMENTO_COMISION,https://www.camara.cl/verDoc.aspx?prmID=345842&prmTipo=DOCUMENTO_COMISION
2025,Marzo,181,18 mar. 2025,CELEBRADA,https://www.camara.cl/legislacion/comisiones/citacion_detalle.aspx?prmId=3317&prmIdSesion=79709,https://www.camara.cl/verDoc.aspx?prmID=343109&prmTipo=DOCUMENTO_COMISION,https://www.camara.cl/verDoc.aspx?prmID=345841&prmTipo=DOCUMENTO_COMISION
2025,Marzo,180,17 mar. 2025,CELEBRADA,https://www.camara.cl/legislacion/comisiones/citacion_detalle.aspx?prmId=3317&prmIdSesion=79710,https://www.camara.cl/verDoc.aspx?prmID=342722&prmTipo=DOCUMENTO_COMISION,https://www.camara.cl/verDoc.aspx?prmID=344602&prmTipo=DOCUMENTO_COMISION
2025,Marzo,179,11 mar. 2025,CELEBRADA,https://www.camara.cl/legislacion/comisiones/citacion_detalle.aspx?prmId=3317&prmIdSesion=79656,https://www.camara.cl/verDoc.aspx?prmID=342108&prmTipo=DOCUMENTO_COMISION,https://www.camara.cl/verDoc.aspx?prmID=344601&prmTipo=DOCUMENTO_COMISION
2025,Marzo,178,04 mar. 2025,CELEBRADA,https://www.camara.cl/legislacion/comisiones/citacion_detalle.aspx?prmId=3317&prmIdSesion=79640,https://www.camara.cl/verDoc.aspx?prmID=341448&prmTipo=DOCUMENTO_COMISION,https://www.camara.cl/verDoc.aspx?prmID=342911&prmTipo=DOCUMENTO_COMISION
2025,Enero,177,23 ene. 2025,CELEBRADA,https://www.camara.cl/legislacion/comisiones/citacion_detalle.aspx?prmId=3317&prmIdSesion=79578,https://www.camara.cl/verDoc.aspx?prmID=339826&prmTipo=DOCUMENTO_COMISION,https://www.camara.cl/verDoc.aspx?prmID=342910&prmTipo=DOCUMENTO_COMISION
2025,Enero,176,21 ene. 2025,CELEBRADA,https://www.camara.cl/legislacion/comisiones/citacion_detalle.aspx?prmId=3317&prmIdSesion=79531,https://www.camara.cl/verDoc.aspx?prmID=339580&prmTipo=DOCUMENTO_COMISION,https://www.camara.cl/verDoc.aspx?prmID=342909&prmTipo=DOCUMENTO_COMISION
2025,Enero,175,20 ene. 2025,CELEBRADA,https://www.camara.cl/legislacion/comisiones/citacion_detalle.aspx?prmId=3317&prmIdSesion=79530,https://www.camara.cl/verDoc.aspx?prmID=339133&prmTipo=DOCUMENTO_COMISION,https://www.camara.cl/verDoc.aspx?prmID=339908&prmTipo=DOCUMENTO_COMISION
2025,Enero,174,14 ene. 2025,CELEBRADA,https://www.camara.cl/legislacion/comisiones/citacion_detalle.aspx?prmId=3317&prmIdSesion=79473,https://www.camara.cl/verDoc.aspx?prmID=338519&prmTipo=DOCUMENTO_COMISION,https://www.camara.cl/verDoc.aspx?prmID=342908&prmTipo=DOCUMENTO_COMISION
2025,Enero,173,13 ene. 2025,CELEBRADA,https://www.camara.cl/legislacion/comisiones/citacion_detalle.aspx?prmId=3317&prmIdSesion=79505,https://www.camara.cl/verDoc.aspx?prmID=338179&prmTipo=DOCUMENTO_COMISION,https://www.camara.cl/verDoc.aspx?prmID=339907&prmTipo=DOCUMENTO_COMISION
2025,Enero,172,07 ene. 2025,CELEBRADA,https://www.camara.cl/legislacion/comisiones/citacion_detalle.aspx?prmId=3317&prmIdSesion=79390,https://www.camara.cl/verDoc.aspx?prmID=337545&prmTipo=DOCUMENTO_COMISION,https://www.camara.cl/verDoc.aspx?prmID=342907&prmTipo=DOCUMENTO_COMISION
2025,Enero,171,06 ene. 2025,CELEBRADA,https://www.camara.cl/legislacion/comisiones/citacion_detalle.aspx?prmId=3317&prmIdSesion=79389,https://www.camara.cl/verDoc.aspx?prmID=337266&prmTipo=DOCUMENTO_COMISION,https://www.camara.cl/verDoc.aspx?prmID=339929&prmTipo=DOCUMENTO_COMISION
2024,Diciembre,170,17 dic. 2024,CELEBRADA,https://www.camara.cl/legislacion/comisiones/citacion_detalle.aspx?prmId=3317&prmIdSesion=79345,https://www.camara.cl/verDoc.aspx?prmID=336350&prmTipo=DOCUMENTO_COMISION,https://www.camara.cl/verDoc.aspx?prmID=339906&prmTipo=DOCUMENTO_COMISION
2024,Diciembre,169,16 dic. 2024,CELEBRADA,https://www.camara.cl/legislacion/comisiones/citacion_detalle.aspx?prmId=3317&prmIdSesion=79344,https://www.camara.cl/verDoc.aspx?prmID=336088&prmTipo=DOCUMENTO_COMISION,https://www.camara.cl/verDoc.aspx?prmID=339905&prmTipo=DOCUMENTO_COMISION
2024,Diciembre,168,10 dic. 2024,CELEBRADA,https://www.camara.cl/legislacion/comisiones/citacion_detalle.aspx?prmId=3317&prmIdSesion=79286,https://www.camara.cl/verDoc.aspx?prmID=335676&prmTipo=DOCUMENTO_COMISION,https://www.camara.cl/verDoc.aspx?prmID=339904&prmTipo=DOCUMENTO_COMISION
2024,Diciembre,167,09 dic. 2024,CELEBRADA,https://www.camara.cl/legislacion/comisiones/citacion_detalle.aspx?prmId=3317&prmIdSesion=79285,https://www.camara.cl/verDoc.aspx?prmID=335404&prmTipo=DOCUMENTO_COMISION,https://www.camara.cl/verDoc.aspx?prmID=339903&prmTipo=DOCUMENTO_COMISION
2024,Diciembre,166,03 dic. 2024,CELEBRADA,https://www.camara.cl/legislacion/comisiones/citacion_detalle.aspx?prmId=3317&prmIdSesion=79268,https://www.camara.cl/verDoc.aspx?prmID=334839&prmTipo=DOCUMENTO_COMISION,https://www.camara.cl/verDoc.aspx?prmID=339902&prmTipo=DOCUMENTO_COMISION
2024,Diciembre,165,02 dic. 2024,CELEBRADA,https://www.camara.cl/legislacion/comisiones/citacion_detalle.aspx?prmId=3317&prmIdSesion=79266,https://www.camara.cl/verDoc.aspx?prmID=334632&prmTipo=DOCUMENTO_COMISION,https://www.camara.cl/verDoc.aspx?prmID=339901&prmTipo=DOCUMENTO_COMISION
2024,Noviembre,164,26 nov. 2024,CELEBRADA,https://www.camara.cl/legislacion/comisiones/citacion_detalle.aspx?prmId=3317&prmIdSesion=79201,https://www.camara.cl/verDoc.aspx?prmID=334104&prmTipo=DOCUMENTO_COMISION,https://www.camara.cl/verDoc.aspx?prmID=339886&prmTipo=DOCUMENTO_COMISION
2024,Noviembre,163,19 nov. 2024,CELEBRADA,https://www.camara.cl/legislacion/comisiones/citacion_detalle.aspx?prmId=3317&prmIdSesion=79176,https://www.camara.cl/verDoc.aspx?prmID=333208&prmTipo=DOCUMENTO_COMISION,https://www.camara.cl/verDoc.aspx?prmID=339885&prmTipo=DOCUMENTO_COMISION
2024,Noviembre,162,18 nov. 2024,CELEBRADA,https://www.camara.cl/legislacion/comisiones/citacion_detalle.aspx?prmId=3317&prmIdSesion=79138,https://www.camara.cl/verDoc.aspx?prmID=332950&prmTipo=DOCUMENTO_COMISION,https://www.camara.cl/verDoc.aspx?prmID=339884&prmTipo=DOCUMENTO_COMISION
2024,Noviembre,161,05 nov. 2024,CELEBRADA,https://www.camara.cl/legislacion/comisiones/citacion_detalle.aspx?prmId=3317&prmIdSesion=79099,https://www.camara.cl/verDoc.aspx?prmID=332198&prmTipo=DOCUMENTO_COMISION,https://www.camara.cl/verDoc.aspx?prmID=339883&prmTipo=DOCUMENTO_COMISION
2024,Octubre,160,29 oct. 2024,CELEBRADA,https://www.camara.cl/legislacion/comisiones/citacion_detalle.aspx?prmId=3317&prmIdSesion=79081,https://www.camara.cl/verDoc.aspx?prmID=331210&prmTipo=DOCUMENTO_COMISION,https://www.camara.cl/verDoc.aspx?prmID=339882&prmTipo=DOCUMENTO_COMISION
2024,Octubre,159,28 oct. 2024,CELEBRADA,https://www.camara.cl/legislacion/comisiones/citacion_detalle.aspx?prmId=3317&prmIdSesion=79080,https://www.camara.cl/verDoc.aspx?prmID=330982&prmTipo=DOCUMENTO_COMISION,https://www.camara.cl/verDoc.aspx?prmID=339881&prmTipo=DOCUMENTO_COMISION
2024,Octubre,158,15 oct. 2024,CELEBRADA,https://www.camara.cl/legislacion/comisiones/citacion_detalle.aspx?prmId=3317&prmIdSesion=79043,https://www.camara.cl/verDoc.aspx?prmID=330281&prmTipo=DOCUMENTO_COMISION,https://www.camara.cl/verDoc.aspx?prmID=333752&prmTipo=DOCUMENTO_COMISION
2024,Octubre,157,08 oct. 2024,CELEBRADA,https://www.camara.cl/legislacion/comisiones/citacion_detalle.aspx?prmId=3317&prmIdSesion=78970,https://www.camara.cl/verDoc.aspx?prmID=329437&prmTipo=DOCUMENTO_COMISION,https://www.camara.cl/verDoc.aspx?prmID=333751&prmTipo=DOCUMENTO_COMISION
2024,Octubre,156,07 oct. 2024,CELEBRADA,https://www.camara.cl/legislacion/comisiones/citacion_detalle.aspx?prmId=3317&prmIdSesion=79000,https://www.camara.cl/verDoc.aspx?prmID=329099&prmTipo=DOCUMENTO_COMISION,https://www.camara.cl/verDoc.aspx?prmID=333750&prmTipo=DOCUMENTO_COMISION
2024,Octubre,155,01 oct. 2024,CELEBRADA,https://www.camara.cl/legislacion/comisiones/citacion_detalle.aspx?prmId=3317&prmIdSesion=78915,https://www.camara.cl/verDoc.aspx?prmID=328455&prmTipo=DOCUMENTO_COMISION,https://www.camara.cl/verDoc.aspx?prmID=331658&prmTipo=DOCUMENTO_COMISION
2024,Septiembre,154,24 sep. 2024,CELEBRADA,https://www.camara.cl/legislacion/comisiones/citacion_detalle.aspx?prmId=3317&prmIdSesion=78855,https://www.camara.cl/verDoc.aspx?prmID=327402&prmTipo=DOCUMENTO_COMISION,https://www.camara.cl/verDoc.aspx?prmID=331653&prmTipo=DOCUMENTO_COMISION
2024,Septiembre,153,23 sep. 2024,CELEBRADA,https://www.camara.cl/legislacion/comisiones/citacion_detalle.aspx?prmId=3317&prmIdSesion=78839,https://www.camara.cl/verDoc.aspx?prmID=327036&prmTipo=DOCUMENTO_COMISION,https://www.camara.cl/verDoc.aspx?prmID=335920&prmTipo=DOCUMENTO_COMISION
2024,Septiembre,152,10 sep. 2024,CELEBRADA,https://www.camara.cl/legislacion/comisiones/citacion_detalle.aspx?prmId=3317&prmIdSesion=78795,https://www.camara.cl/verDoc.aspx?prmID=326412&prmTipo=DOCUMENTO_COMISION,https://www.camara.cl/verDoc.aspx?prmID=331652&prmTipo=DOCUMENTO_COMISION
2024,Septiembre,151,09 sep. 2024,CELEBRADA,https://www.camara.cl/legislacion/comisiones/citacion_detalle.aspx?prmId=3317&prmIdSesion=78794,https://www.camara.cl/verDoc.aspx?prmID=326319&prmTipo=DOCUMENTO_COMISION,https://www.camara.cl/verDoc.aspx?prmID=331651&prmTipo=DOCUMENTO_COMISION
2024,Septiembre,150,03 sep. 2024,CELEBRADA,https://www.camara.cl/legislacion/comisiones/citacion_detalle.aspx?prmId=3317&prmIdSesion=78770,https://www.camara.cl/verDoc.aspx?prmID=325504&prmTipo=DOCUMENTO_COMISION,https://www.camara.cl/verDoc.aspx?prmID=326929&prmTipo=DOCUMENTO_COMISION
2024,Septiembre,149,02 sep. 2024,CELEBRADA,https://www.camara.cl/legislacion/comisiones/citacion_detalle.aspx?prmId=3317&prmIdSesion=78719,https://www.camara.cl/verDoc.aspx?prmID=325561&prmTipo=DOCUMENTO_COMISION,https://www.camara.cl/verDoc.aspx?prmID=331650&prmTipo=DOCUMENTO_COMISION
2024,Agosto,148,27 ago. 2024,CELEBRADA,https://www.camara.cl/legislacion/comisiones/citacion_detalle.aspx?prmId=3317&prmIdSesion=78627,https://www.camara.cl/verDoc.aspx?prmID=324393&prmTipo=DOCUMENTO_COMISION,https://www.camara.cl/verDoc.aspx?prmID=326928&prmTipo=DOCUMENTO_COMISION
2024,Agosto,147,26 ago. 2024,CELEBRADA,https://www.camara.cl/legislacion/comisiones/citacion_detalle.aspx?prmId=3317&prmIdSesion=78620,https://www.camara.cl/verDoc.aspx?prmID=324041&prmTipo=DOCUMENTO_COMISION,https://www.camara.cl/verDoc.aspx?prmID=331649&prmTipo=DOCUMENTO_COMISION
2024,Agosto,146,13 ago. 2024,CELEBRADA,https://www.camara.cl/legislacion/comisiones/citacion_detalle.aspx?prmId=3317&prmIdSesion=78560,https://www.camara.cl/verDoc.aspx?prmID=322995&prmTipo=DOCUMENTO_COMISION,https://www.camara.cl/verDoc.aspx?prmID=331647&prmTipo=DOCUMENTO_COMISION
2024,Agosto,145,12 ago. 2024,CELEBRADA,https://www.camara.cl/legislacion/comisiones/citacion_detalle.aspx?prmId=3317&prmIdSesion=78558,https://www.camara.cl/verDoc.aspx?prmID=322573&prmTipo=DOCUMENTO_COMISION,https://www.camara.cl/verDoc.aspx?prmID=331646&prmTipo=DOCUMENTO_COMISION
2024,Agosto,144,06 ago. 2024,CELEBRADA,https://www.camara.cl/legislacion/comisiones/citacion_detalle.aspx?prmId=3317&prmIdSesion=78516,https://www.camara.cl/verDoc.aspx?prmID=321866&prmTipo=DOCUMENTO_COMISION,https://www.camara.cl/verDoc.aspx?prmID=323776&prmTipo=DOCUMENTO_COMISION
2024,Agosto,143,05 ago. 2024,CELEBRADA,https://www.camara.cl/legislacion/comisiones/citacion_detalle.aspx?prmId=3317&prmIdSesion=78514,https://www.camara.cl/verDoc.aspx?prmID=321471&prmTipo=DOCUMENTO_COMISION,https://www.camara.cl/verDoc.aspx?prmID=323775&prmTipo=DOCUMENTO_COMISION
2024,Julio,142,30 jul. 2024,CELEBRADA,https://www.camara.cl/legislacion/comisiones/citacion_detalle.aspx?prmId=3317&prmIdSesion=78461,https://www.camara.cl/verDoc.aspx?prmID=320581&prmTipo=DOCUMENTO_COMISION,https://www.camara.cl/verDoc.aspx?prmID=323774&prmTipo=DOCUMENTO_COMISION
2024,Julio,141,29 jul. 2024,CELEBRADA,https://www.camara.cl/legislacion/comisiones/citacion_detalle.aspx?prmId=3317&prmIdSesion=78460,https://www.camara.cl/verDoc.aspx?prmID=320065&prmTipo=DOCUMENTO_COMISION,https://www.camara.cl/verDoc.aspx?prmID=323773&prmTipo=DOCUMENTO_COMISION
2024,Julio,140,23 jul. 2024,CELEBRADA,https://www.camara.cl/legislacion/comisiones/citacion_detalle.aspx?prmId=3317&prmIdSesion=78421,https://www.camara.cl/verDoc.aspx?prmID=318894&prmTipo=DOCUMENTO_COMISION,https://www.camara.cl/verDoc.aspx?prmID=323772&prmTipo=DOCUMENTO_COMISION
2024,Julio,139,22 jul. 2024,CELEBRADA,https://www.camara.cl/legislacion/comisiones/citacion_detalle.aspx?prmId=3317&prmIdSesion=78368,https://www.camara.cl/verDoc.aspx?prmID=318628&prmTipo=DOCUMENTO_COMISION,https://www.camara.cl/verDoc.aspx?prmID=331644&prmTipo=DOCUMENTO_COMISION
2024,Julio,138,09 jul. 2024,CELEBRADA,https://www.camara.cl/legislacion/comisiones/citacion_detalle.aspx?prmId=3317&prmIdSesion=78290,https://www.camara.cl/verDoc.aspx?prmID=317543&prmTipo=DOCUMENTO_COMISION,https://www.camara.cl/verDoc.aspx?prmID=323771&prmTipo=DOCUMENTO_COMISION
2024,Julio,137,08 jul. 2024,CELEBRADA,https://www.camara.cl/legislacion/comisiones/citacion_detalle.aspx?prmId=3317&prmIdSesion=78288,https://www.camara.cl/verDoc.aspx?prmID=317413&prmTipo=DOCUMENTO_COMISION,https://www.camara.cl/verDoc.aspx?prmID=331643&prmTipo=DOCUMENTO_COMISION
2024,Julio,136,02 jul. 2024,CELEBRADA,https://www.camara.cl/legislacion/comisiones/citacion_detalle.aspx?prmId=3317&prmIdSesion=78246,https://www.camara.cl/verDoc.aspx?prmID=316510&prmTipo=DOCUMENTO_COMISION,https://www.camara.cl/verDoc.aspx?prmID=323770&prmTipo=DOCUMENTO_COMISION
2024,Julio,136,01 jul. 2024,SUSPENDIDA,https://www.camara.cl/legislacion/comisiones/citacion_detalle.aspx?prmId=3317&prmIdSesion=78245,No,No
2024,Junio,135,18 jun. 2024,CELEBRADA,https://www.camara.cl/legislacion/comisiones/citacion_detalle.aspx?prmId=3317&prmIdSesion=78135,https://www.camara.cl/verDoc.aspx?prmID=315350&prmTipo=DOCUMENTO_COMISION,https://www.camara.cl/verDoc.aspx?prmID=316207&prmTipo=DOCUMENTO_COMISION
2024,Junio,134,17 jun. 2024,CELEBRADA,https://www.camara.cl/legislacion/comisiones/citacion_detalle.aspx?prmId=3317&prmIdSesion=78133,https://www.camara.cl/verDoc.aspx?prmID=315055&prmTipo=DOCUMENTO_COMISION,https://www.camara.cl/verDoc.aspx?prmID=326927&prmTipo=DOCUMENTO_COMISION
2024,Junio,133,11 jun. 2024,CELEBRADA,https://www.camara.cl/legislacion/comisiones/citacion_detalle.aspx?prmId=3317&prmIdSesion=78100,https://www.camara.cl/verDoc.aspx?prmID=314620&prmTipo=DOCUMENTO_COMISION,https://www.camara.cl/verDoc.aspx?prmID=316206&prmTipo=DOCUMENTO_COMISION
2024,Junio,132,10 jun. 2024,CELEBRADA,https://www.camara.cl/legislacion/comisiones/citacion_detalle.aspx?prmId=3317&prmIdSesion=78091,https://www.camara.cl/verDoc.aspx?prmID=314057&prmTipo=DOCUMENTO_COMISION,https://www.camara.cl/verDoc.aspx?prmID=323769&prmTipo=DOCUMENTO_COMISION
2024,Junio,131,06 jun. 2024,CELEBRADA,https://www.camara.cl/legislacion/comisiones/citacion_detalle.aspx?prmId=3317&prmIdSesion=78015,https://www.camara.cl/verDoc.aspx?prmID=313792&prmTipo=DOCUMENTO_COMISION,https://www.camara.cl/verDoc.aspx?prmID=326926&prmTipo=DOCUMENTO_COMISION
2024,Junio,130,04 jun. 2024,CELEBRADA,https://www.camara.cl/legislacion/comisiones/citacion_detalle.aspx?prmId=3317&prmIdSesion=78014,https://www.camara.cl/verDoc.aspx?prmID=313468&prmTipo=DOCUMENTO_COMISION,https://www.camara.cl/verDoc.aspx?prmID=316205&prmTipo=DOCUMENTO_COMISION
2024,Junio,130,03 jun. 2024,SUSPENDIDA,https://www.camara.cl/legislacion/comisiones/citacion_detalle.aspx?prmId=3317&prmIdSesion=77952,No,No
2024,Mayo,129,30 may. 2024,CELEBRADA,https://www.camara.cl/legislacion/comisiones/citacion_detalle.aspx?prmId=3317&prmIdSesion=77925,https://www.camara.cl/verDoc.aspx?prmID=312602&prmTipo=DOCUMENTO_COMISION,https://www.camara.cl/verDoc.aspx?prmID=314403&prmTipo=DOCUMENTO_COMISION
2024,Mayo,128,29 may. 2024,CELEBRADA,https://www.camara.cl/legislacion/comisiones/citacion_detalle.aspx?prmId=3317&prmIdSesion=77924,https://www.camara.cl/verDoc.aspx?prmID=312275&prmTipo=DOCUMENTO_COMISION,https://www.camara.cl/verDoc.aspx?prmID=314402&prmTipo=DOCUMENTO_COMISION
2024,Mayo,127,14 may. 2024,CELEBRADA,https://www.camara.cl/legislacion/comisiones/citacion_detalle.aspx?prmId=3317&prmIdSesion=77841,https://www.camara.cl/verDoc.aspx?prmID=310940&prmTipo=DOCUMENTO_COMISION,https://www.camara.cl/verDoc.aspx?prmID=314401&prmTipo=DOCUMENTO_COMISION
2024,Mayo,126,13 may. 2024,CELEBRADA,https://www.camara.cl/legislacion/comisiones/citacion_detalle.aspx?prmId=3317&prmIdSesion=77840,https://www.camara.cl/verDoc.aspx?prmID=310601&prmTipo=DOCUMENTO_COMISION,https://www.camara.cl/verDoc.aspx?prmID=314400&prmTipo=DOCUMENTO_COMISION
2024,Mayo,125,07 may. 2024,CELEBRADA,https://www.camara.cl/legislacion/comisiones/citacion_detalle.aspx?prmId=3317&prmIdSesion=77712,https://www.camara.cl/verDoc.aspx?prmID=310118&prmTipo=DOCUMENTO_COMISION,https://www.camara.cl/verDoc.aspx?prmID=314399&prmTipo=DOCUMENTO_COMISION
2024,Mayo,124,06 may. 2024,CELEBRADA,https://www.camara.cl/legislacion/comisiones/citacion_detalle.aspx?prmId=3317&prmIdSesion=77711,https://www.camara.cl/verDoc.aspx?prmID=309563&prmTipo=DOCUMENTO_COMISION,https://www.camara.cl/verDoc.aspx?prmID=314398&prmTipo=DOCUMENTO_COMISION
2024,Abril,123,23 abr. 2024,CELEBRADA,https://www.camara.cl/legislacion/comisiones/citacion_detalle.aspx?prmId=3317&prmIdSesion=77643,https://www.camara.cl/verDoc.aspx?prmID=309405&prmTipo=DOCUMENTO_COMISION,https://www.camara.cl/verDoc.aspx?prmID=314408&prmTipo=DOCUMENTO_COMISION
2024,Abril,122,22 abr. 2024,CELEBRADA,https://www.camara.cl/legislacion/comisiones/citacion_detalle.aspx?prmId=3317&prmIdSesion=77642,https://www.camara.cl/verDoc.aspx?prmID=307974&prmTipo=DOCUMENTO_COMISION,https://www.camara.cl/verDoc.aspx?prmID=314405&prmTipo=DOCUMENTO_COMISION
2024,Abril,121,16 abr. 2024,CELEBRADA,https://www.camara.cl/legislacion/comisiones/citacion_detalle.aspx?prmId=3317&prmIdSesion=77583,https://www.camara.cl/verDoc.aspx?prmID=307398&prmTipo=DOCUMENTO_COMISION,https://www.camara.cl/verDoc.aspx?prmID=307964&prmTipo=DOCUMENTO_COMISION
2024,Abril,121,15 abr. 2024,SUSPENDIDA,https://www.camara.cl/legislacion/comisiones/citacion_detalle.aspx?prmId=3317&prmIdSesion=77582,No,No
2024,Abril,120,09 abr. 2024,CELEBRADA,https://www.camara.cl/legislacion/comisiones/citacion_detalle.aspx?prmId=3317&prmIdSesion=77506,https://www.camara.cl/verDoc.aspx?prmID=306415&prmTipo=DOCUMENTO_COMISION,https://www.camara.cl/verDoc.aspx?prmID=307753&prmTipo=DOCUMENTO_COMISION
2024,Abril,119,08 abr. 2024,CELEBRADA,https://www.camara.cl/legislacion/comisiones/citacion_detalle.aspx?prmId=3317&prmIdSesion=77505,https://www.camara.cl/verDoc.aspx?prmID=306158&prmTipo=DOCUMENTO_COMISION,https://www.camara.cl/verDoc.aspx?prmID=307577&prmTipo=DOCUMENTO_COMISION
2024,Abril,118,02 abr. 2024,CELEBRADA,https://www.camara.cl/legislacion/comisiones/citacion_detalle.aspx?prmId=3317&prmIdSesion=77425,https://www.camara.cl/verDoc.aspx?prmID=305430&prmTipo=DOCUMENTO_COMISION,https://www.camara.cl/verDoc.aspx?prmID=306725&prmTipo=DOCUMENTO_COMISION
2024,Abril,117,01 abr. 2024,CELEBRADA,https://www.camara.cl/legislacion/comisiones/citacion_detalle.aspx?prmId=3317&prmIdSesion=77424,https://www.camara.cl/verDoc.aspx?prmID=305180&prmTipo=DOCUMENTO_COMISION,https://www.camara.cl/verDoc.aspx?prmID=306684&prmTipo=DOCUMENTO_COMISION
2024,Marzo,116,21 mar. 2024,CELEBRADA,https://www.camara.cl/legislacion/comisiones/citacion_detalle.aspx?prmId=3317&prmIdSesion=77407,https://www.camara.cl/verDoc.aspx?prmID=304673&prmTipo=DOCUMENTO_COMISION,https://www.camara.cl/verDoc.aspx?prmID=312038&prmTipo=DOCUMENTO_COMISION
2024,Marzo,115,19 mar. 2024,CELEBRADA,https://www.camara.cl/legislacion/comisiones/citacion_detalle.aspx?prmId=3317&prmIdSesion=77336,https://www.camara.cl/verDoc.aspx?prmID=304465&prmTipo=DOCUMENTO_COMISION,https://www.camara.cl/verDoc.aspx?prmID=304777&prmTipo=DOCUMENTO_COMISION
2024,Marzo,114,18 mar. 2024,CELEBRADA,https://www.camara.cl/legislacion/comisiones/citacion_detalle.aspx?prmId=3317&prmIdSesion=77335,https://www.camara.cl/verDoc.aspx?prmID=304023&prmTipo=DOCUMENTO_COMISION,https://www.camara.cl/verDoc.aspx?prmID=305287&prmTipo=DOCUMENTO_COMISION
2024,Marzo,113,12 mar. 2024,CELEBRADA,https://www.camara.cl/legislacion/comisiones/citacion_detalle.aspx?prmId=3317&prmIdSesion=77234,https://www.camara.cl/verDoc.aspx?prmID=303379&prmTipo=DOCUMENTO_COMISION,https://www.camara.cl/verDoc.aspx?prmID=304235&prmTipo=DOCUMENTO_COMISION
2024,Marzo,112,11 mar. 2024,CELEBRADA,https://www.camara.cl/legislacion/comisiones/citacion_detalle.aspx?prmId=3317&prmIdSesion=77229,https://www.camara.cl/verDoc.aspx?prmID=303389&prmTipo=DOCUMENTO_COMISION,https://www.camara.cl/verDoc.aspx?prmID=305856&prmTipo=DOCUMENTO_COMISION
2024,Marzo,111,05 mar. 2024,CELEBRADA,https://www.camara.cl/legislacion/comisiones/citacion_detalle.aspx?prmId=3317&prmIdSesion=77089,https://www.camara.cl/verDoc.aspx?prmID=302648&prmTipo=DOCUMENTO_COMISION,https://www.camara.cl/verDoc.aspx?prmID=304234&prmTipo=DOCUMENTO_COMISION
2024,Marzo,111,04 mar. 2024,SUSPENDIDA,https://www.camara.cl/legislacion/comisiones/citacion_detalle.aspx?prmId=3317&prmIdSesion=77088,No,No
2024,Enero,111,25 ene. 2024,SUSPENDIDA,https://www.camara.cl/legislacion/comisiones/citacion_detalle.aspx?prmId=3317&prmIdSesion=77099,No,No
2024,Enero,110,23 ene. 2024,CELEBRADA,https://www.camara.cl/legislacion/comisiones/citacion_detalle.aspx?prmId=3317&prmIdSesion=77019,https://www.camara.cl/verDoc.aspx?prmID=301388&prmTipo=DOCUMENTO_COMISION,https://www.camara.cl/verDoc.aspx?prmID=301778&prmTipo=DOCUMENTO_COMISION
2024,Enero,109,22 ene. 2024,CELEBRADA,https://www.camara.cl/legislacion/comisiones/citacion_detalle.aspx?prmId=3317&prmIdSesion=77017,https://www.camara.cl/verDoc.aspx?prmID=301386&prmTipo=DOCUMENTO_COMISION,https://www.camara.cl/verDoc.aspx?prmID=301777&prmTipo=DOCUMENTO_COMISION
2024,Enero,108,16 ene. 2024,CELEBRADA,https://www.camara.cl/legislacion/comisiones/citacion_detalle.aspx?prmId=3317&prmIdSesion=76915,https://www.camara.cl/verDoc.aspx?prmID=299908&prmTipo=DOCUMENTO_COMISION,https://www.camara.cl/verDoc.aspx?prmID=301097&prmTipo=DOCUMENTO_COMISION
2024,Enero,107,15 ene. 2024,CELEBRADA,https://www.camara.cl/legislacion/comisiones/citacion_detalle.aspx?prmId=3317&prmIdSesion=76914,https://www.camara.cl/verDoc.aspx?prmID=304464&prmTipo=DOCUMENTO_COMISION,https://www.camara.cl/verDoc.aspx?prmID=301059&prmTipo=DOCUMENTO_COMISION
2024,Enero,106,09 ene. 2024,CELEBRADA,https://www.camara.cl/legislacion/comisiones/citacion_detalle.aspx?prmId=3317&prmIdSesion=76758,https://www.camara.cl/verDoc.aspx?prmID=299125&prmTipo=DOCUMENTO_COMISION,https://www.camara.cl/verDoc.aspx?prmID=301096&prmTipo=DOCUMENTO_COMISION
2024,Enero,105,08 ene. 2024,CELEBRADA,https://www.camara.cl/legislacion/comisiones/citacion_detalle.aspx?prmId=3317&prmIdSesion=76803,https://www.camara.cl/verDoc.aspx?prmID=298800&prmTipo=DOCUMENTO_COMISION,https://www.camara.cl/verDoc.aspx?prmID=301095&prmTipo=DOCUMENTO_COMISION
2023,Diciembre,104,19 dic. 2023,CELEBRADA,https://www.camara.cl/legislacion/comisiones/citacion_detalle.aspx?prmId=3317&prmIdSesion=76653,https://www.camara.cl/verDoc.aspx?prmID=297490&prmTipo=DOCUMENTO_COMISION,https://www.camara.cl/verDoc.aspx?prmID=297998&prmTipo=DOCUMENTO_COMISION
2023,Diciembre,104,18 dic. 2023,SUSPENDIDA,https://www.camara.cl/legislacion/comisiones/citacion_detalle.aspx?prmId=3317&prmIdSesion=76643,No,No
2023,Diciembre,103,12 dic. 2023,CELEBRADA,https://www.camara.cl/legislacion/comisiones/citacion_detalle.aspx?prmId=3317&prmIdSesion=76577,No,https://www.camara.cl/verDoc.aspx?prmID=297179&prmTipo=DOCUMENTO_COMISION
2023,Diciembre,102,11 dic. 2023,CELEBRADA,https://www.camara.cl/legislacion/comisiones/citacion_detalle.aspx?prmId=3317&prmIdSesion=76576,https://www.camara.cl/verDoc.aspx?prmID=296545&prmTipo=DOCUMENTO_COMISION,https://www.camara.cl/verDoc.aspx?prmID=297180&prmTipo=DOCUMENTO_COMISION
2023,Noviembre,101,28 nov. 2023,CELEBRADA,https://www.camara.cl/legislacion/comisiones/citacion_detalle.aspx?prmId=3317&prmIdSesion=76406,https://www.camara.cl/verDoc.aspx?prmID=296290&prmTipo=DOCUMENTO_COMISION,https://www.camara.cl/verDoc.aspx?prmID=296374&prmTipo=DOCUMENTO_COMISION
2023,Noviembre,100,21 nov. 2023,CELEBRADA,https://www.camara.cl/legislacion/comisiones/citacion_detalle.aspx?prmId=3317&prmIdSesion=76348,https://www.camara.cl/verDoc.aspx?prmID=295324&prmTipo=DOCUMENTO_COMISION,https://www.camara.cl/verDoc.aspx?prmID=295652&prmTipo=DOCUMENTO_COMISION
2023,Noviembre,99,20 nov. 2023,CELEBRADA,https://www.camara.cl/legislacion/comisiones/citacion_detalle.aspx?prmId=3317&prmIdSesion=76359,https://www.camara.cl/verDoc.aspx?prmID=294960&prmTipo=DOCUMENTO_COMISION,https://www.camara.cl/verDoc.aspx?prmID=295661&prmTipo=DOCUMENTO_COMISION
2023,Noviembre,98,07 nov. 2023,CELEBRADA,https://www.camara.cl/legislacion/comisiones/citacion_detalle.aspx?prmId=3317&prmIdSesion=76204,https://www.camara.cl/verDoc.aspx?prmID=294203&prmTipo=DOCUMENTO_COMISION,https://www.camara.cl/verDoc.aspx?prmID=294711&prmTipo=DOCUMENTO_COMISION
2023,Noviembre,97,06 nov. 2023,CELEBRADA,https://www.camara.cl/legislacion/comisiones/citacion_detalle.aspx?prmId=3317&prmIdSesion=76203,https://www.camara.cl/verDoc.aspx?prmID=293852&prmTipo=DOCUMENTO_COMISION,https://www.camara.cl/verDoc.aspx?prmID=294710&prmTipo=DOCUMENTO_COMISION
2023,Octubre,96,24 oct. 2023,CELEBRADA,https://www.camara.cl/legislacion/comisiones/citacion_detalle.aspx?prmId=3317&prmIdSesion=76110,https://www.camara.cl/verDoc.aspx?prmID=292976&prmTipo=DOCUMENTO_COMISION,https://www.camara.cl/verDoc.aspx?prmID=294709&prmTipo=DOCUMENTO_COMISION
2023,Octubre,95,23 oct. 2023,CELEBRADA,https://www.camara.cl/legislacion/comisiones/citacion_detalle.aspx?prmId=3317&prmIdSesion=76109,https://www.camara.cl/verDoc.aspx?prmID=292805&prmTipo=DOCUMENTO_COMISION,https://www.camara.cl/verDoc.aspx?prmID=293639&prmTipo=DOCUMENTO_COMISION
2023,Octubre,94,17 oct. 2023,CELEBRADA,https://www.camara.cl/legislacion/comisiones/citacion_detalle.aspx?prmId=3317&prmIdSesion=76046,https://www.camara.cl/verDoc.aspx?prmID=292129&prmTipo=DOCUMENTO_COMISION,https://www.camara.cl/verDoc.aspx?prmID=292681&prmTipo=DOCUMENTO_COMISION
2023,Octubre,93,16 oct. 2023,CELEBRADA,https://www.camara.cl/legislacion/comisiones/citacion_detalle.aspx?prmId=3317&prmIdSesion=76040,https://www.camara.cl/verDoc.aspx?prmID=292015&prmTipo=DOCUMENTO_COMISION,https://www.camara.cl/verDoc.aspx?prmID=292672&prmTipo=DOCUMENTO_COMISION
2023,Octubre,92,10 oct. 2023,CELEBRADA,https://www.camara.cl/legislacion/comisiones/citacion_detalle.aspx?prmId=3317&prmIdSesion=75956,https://www.camara.cl/verDoc.aspx?prmID=291089&prmTipo=DOCUMENTO_COMISION,https://www.camara.cl/verDoc.aspx?prmID=291721&prmTipo=DOCUMENTO_COMISION
2023,Octubre,91,03 oct. 2023,CELEBRADA,https://www.camara.cl/legislacion/comisiones/citacion_detalle.aspx?prmId=3317&prmIdSesion=75917,https://www.camara.cl/verDoc.aspx?prmID=290389&prmTipo=DOCUMENTO_COMISION,https://www.camara.cl/verDoc.aspx?prmID=290989&prmTipo=DOCUMENTO_COMISION
2023,Octubre,90,02 oct. 2023,CELEBRADA,https://www.camara.cl/legislacion/comisiones/citacion_detalle.aspx?prmId=3317&prmIdSesion=75843,https://www.camara.cl/verDoc.aspx?prmID=290227&prmTipo=DOCUMENTO_COMISION,https://www.camara.cl/verDoc.aspx?prmID=291580&prmTipo=DOCUMENTO_COMISION
2023,Septiembre,89,26 sep. 2023,CELEBRADA,https://www.camara.cl/legislacion/comisiones/citacion_detalle.aspx?prmId=3317&prmIdSesion=75838,https://www.camara.cl/verDoc.aspx?prmID=289575&prmTipo=DOCUMENTO_COMISION,https://www.camara.cl/verDoc.aspx?prmID=290034&prmTipo=DOCUMENTO_COMISION
2023,Septiembre,88,25 sep. 2023,CELEBRADA,https://www.camara.cl/legislacion/comisiones/citacion_detalle.aspx?prmId=3317&prmIdSesion=75806,https://www.camara.cl/verDoc.aspx?prmID=289388&prmTipo=DOCUMENTO_COMISION,https://www.camara.cl/verDoc.aspx?prmID=290032&prmTipo=DOCUMENTO_COMISION
2023,Septiembre,87,11 sep. 2023,CELEBRADA,https://www.camara.cl/legislacion/comisiones/citacion_detalle.aspx?prmId=3317&prmIdSesion=75684,https://www.camara.cl/verDoc.aspx?prmID=288597&prmTipo=DOCUMENTO_COMISION,https://www.camara.cl/verDoc.aspx?prmID=289192&prmTipo=DOCUMENTO_COMISION
2023,Septiembre,86,05 sep. 2023,CELEBRADA,https://www.camara.cl/legislacion/comisiones/citacion_detalle.aspx?prmId=3317&prmIdSesion=75659,https://www.camara.cl/verDoc.aspx?prmID=287978&prmTipo=DOCUMENTO_COMISION,https://www.camara.cl/verDoc.aspx?prmID=288431&prmTipo=DOCUMENTO_COMISION
2023,Septiembre,85,04 sep. 2023,CELEBRADA,https://www.camara.cl/legislacion/comisiones/citacion_detalle.aspx?prmId=3317&prmIdSesion=75640,https://www.camara.cl/verDoc.aspx?prmID=287724&prmTipo=DOCUMENTO_COMISION,https://www.camara.cl/verDoc.aspx?prmID=288365&prmTipo=DOCUMENTO_COMISION
2023,Agosto,84,29 ago. 2023,CELEBRADA,https://www.camara.cl/legislacion/comisiones/citacion_detalle.aspx?prmId=3317&prmIdSesion=75559,https://www.camara.cl/verDoc.aspx?prmID=287038&prmTipo=DOCUMENTO_COMISION,https://www.camara.cl/verDoc.aspx?prmID=289105&prmTipo=DOCUMENTO_COMISION
2023,Agosto,83,28 ago. 2023,CELEBRADA,https://www.camara.cl/legislacion/comisiones/citacion_detalle.aspx?prmId=3317&prmIdSesion=75558,https://www.camara.cl/verDoc.aspx?prmID=287090&prmTipo=DOCUMENTO_COMISION,https://www.camara.cl/verDoc.aspx?prmID=287686&prmTipo=DOCUMENTO_COMISION
2023,Agosto,83,22 ago. 2023,SUSPENDIDA,https://www.camara.cl/legislacion/comisiones/citacion_detalle.aspx?prmId=3317&prmIdSesion=75516,No,No
2023,Agosto,82,21 ago. 2023,CELEBRADA,https://www.camara.cl/legislacion/comisiones/citacion_detalle.aspx?prmId=3317&prmIdSesion=75498,https://www.camara.cl/verDoc.aspx?prmID=286158&prmTipo=DOCUMENTO_COMISION,https://www.camara.cl/verDoc.aspx?prmID=287633&prmTipo=DOCUMENTO_COMISION
2023,Agosto,81,08 ago. 2023,CELEBRADA,https://www.camara.cl/legislacion/comisiones/citacion_detalle.aspx?prmId=3317&prmIdSesion=75409,https://www.camara.cl/verDoc.aspx?prmID=285311&prmTipo=DOCUMENTO_COMISION,https://www.camara.cl/verDoc.aspx?prmID=285756&prmTipo=DOCUMENTO_COMISION
2023,Agosto,80,07 ago. 2023,CELEBRADA,https://www.camara.cl/legislacion/comisiones/citacion_detalle.aspx?prmId=3317&prmIdSesion=75407,https://www.camara.cl/verDoc.aspx?prmID=285213&prmTipo=DOCUMENTO_COMISION,https://www.camara.cl/verDoc.aspx?prmID=285814&prmTipo=DOCUMENTO_COMISION
2023,Agosto,79,01 ago. 2023,CELEBRADA,https://www.camara.cl/legislacion/comisiones/citacion_detalle.aspx?prmId=3317&prmIdSesion=75378,https://www.camara.cl/verDoc.aspx?prmID=284316&prmTipo=DOCUMENTO_COMISION,https://www.camara.cl/verDoc.aspx?prmID=285360&prmTipo=DOCUMENTO_COMISION
2023,Julio,78,31 jul. 2023,CELEBRADA,https://www.camara.cl/legislacion/comisiones/citacion_detalle.aspx?prmId=3317&prmIdSesion=75351,https://www.camara.cl/verDoc.aspx?prmID=284048&prmTipo=DOCUMENTO_COMISION,https://www.camara.cl/verDoc.aspx?prmID=284919&prmTipo=DOCUMENTO_COMISION
2023,Julio,77,25 jul. 2023,CELEBRADA,https://www.camara.cl/legislacion/comisiones/citacion_detalle.aspx?prmId=3317&prmIdSesion=75229,https://www.camara.cl/verDoc.aspx?prmID=283370&prmTipo=DOCUMENTO_COMISION,https://www.camara.cl/verDoc.aspx?prmID=283984&prmTipo=DOCUMENTO_COMISION
2023,Julio,76,11 jul. 2023,CELEBRADA,https://www.camara.cl/legislacion/comisiones/citacion_detalle.aspx?prmId=3317&prmIdSesion=75198,https://www.camara.cl/verDoc.aspx?prmID=282069&prmTipo=DOCUMENTO_COMISION,https://www.camara.cl/verDoc.aspx?prmID=282865&prmTipo=DOCUMENTO_COMISION
2023,Julio,75,10 jul. 2023,CELEBRADA,https://www.camara.cl/legislacion/comisiones/citacion_detalle.aspx?prmId=3317&prmIdSesion=75169,https://www.camara.cl/verDoc.aspx?prmID=282709&prmTipo=DOCUMENTO_COMISION,https://www.camara.cl/verDoc.aspx?prmID=282864&prmTipo=DOCUMENTO_COMISION
2023,Julio,74,07 jul. 2023,CELEBRADA,https://www.camara.cl/legislacion/comisiones/citacion_detalle.aspx?prmId=3317&prmIdSesion=75179,https://www.camara.cl/verDoc.aspx?prmID=282712&prmTipo=DOCUMENTO_COMISION,https://www.camara.cl/verDoc.aspx?prmID=282754&prmTipo=DOCUMENTO_COMISION
2023,Julio,73,06 jul. 2023,CELEBRADA,https://www.camara.cl/legislacion/comisiones/citacion_detalle.aspx?prmId=3317&prmIdSesion=75178,No,https://www.camara.cl/verDoc.aspx?prmID=282753&prmTipo=DOCUMENTO_COMISION
2023,Julio,72,04 jul. 2023,CELEBRADA,https://www.camara.cl/legislacion/comisiones/citacion_detalle.aspx?prmId=3317&prmIdSesion=75130,https://www.camara.cl/verDoc.aspx?prmID=281452&prmTipo=DOCUMENTO_COMISION,https://www.camara.cl/verDoc.aspx?prmID=282578&prmTipo=DOCUMENTO_COMISION
2023,Julio,71,03 jul. 2023,CELEBRADA,https://www.camara.cl/legislacion/comisiones/citacion_detalle.aspx?prmId=3317&prmIdSesion=75092,https://www.camara.cl/verDoc.aspx?prmID=281038&prmTipo=DOCUMENTO_COMISION,https://www.camara.cl/verDoc.aspx?prmID=282126&prmTipo=DOCUMENTO_COMISION
2023,Junio,70,20 jun. 2023,CELEBRADA,https://www.camara.cl/legislacion/comisiones/citacion_detalle.aspx?prmId=3317&prmIdSesion=75051,https://www.camara.cl/verDoc.aspx?prmID=280528&prmTipo=DOCUMENTO_COMISION,https://www.camara.cl/verDoc.aspx?prmID=280878&prmTipo=DOCUMENTO_COMISION
2023,Junio,69,19 jun. 2023,CELEBRADA,https://www.camara.cl/legislacion/comisiones/citacion_detalle.aspx?prmId=3317&prmIdSesion=75050,No,https://www.camara.cl/verDoc.aspx?prmID=280830&prmTipo=DOCUMENTO_COMISION
2023,Junio,68,13 jun. 2023,CELEBRADA,https://www.camara.cl/legislacion/comisiones/citacion_detalle.aspx?prmId=3317&prmIdSesion=74986,https://www.camara.cl/verDoc.aspx?prmID=279944&prmTipo=DOCUMENTO_COMISION,https://www.camara.cl/verDoc.aspx?prmID=280727&prmTipo=DOCUMENTO_COMISION
2023,Junio,67,12 jun. 2023,CELEBRADA,https://www.camara.cl/legislacion/comisiones/citacion_detalle.aspx?prmId=3317&prmIdSesion=74985,https://www.camara.cl/verDoc.aspx?prmID=279782&prmTipo=DOCUMENTO_COMISION,https://www.camara.cl/verDoc.aspx?prmID=280728&prmTipo=DOCUMENTO_COMISION
2023,Junio,66,06 jun. 2023,CELEBRADA,https://www.camara.cl/legislacion/comisiones/citacion_detalle.aspx?prmId=3317&prmIdSesion=74956,https://www.camara.cl/verDoc.aspx?prmID=279818&prmTipo=DOCUMENTO_COMISION,https://www.camara.cl/verDoc.aspx?prmID=280290&prmTipo=DOCUMENTO_COMISION
2023,Junio,65,05 jun. 2023,CELEBRADA,https://www.camara.cl/legislacion/comisiones/citacion_detalle.aspx?prmId=3317&prmIdSesion=74920,No,https://www.camara.cl/verDoc.aspx?prmID=279811&prmTipo=DOCUMENTO_COMISION
2023,Mayo,64,30 may. 2023,CELEBRADA,https://www.camara.cl/legislacion/comisiones/citacion_detalle.aspx?prmId=3317&prmIdSesion=74853,https://www.camara.cl/verDoc.aspx?prmID=278290&prmTipo=DOCUMENTO_COMISION,https://www.camara.cl/verDoc.aspx?prmID=278881&prmTipo=DOCUMENTO_COMISION
2023,Mayo,63,29 may. 2023,CELEBRADA,https://www.camara.cl/legislacion/comisiones/citacion_detalle.aspx?prmId=3317&prmIdSesion=74837,No,https://www.camara.cl/verDoc.aspx?prmID=278882&prmTipo=DOCUMENTO_COMISION
2023,Mayo,62,11 may. 2023,CELEBRADA,https://www.camara.cl/legislacion/comisiones/citacion_detalle.aspx?prmId=3317&prmIdSesion=74697,https://www.camara.cl/verDoc.aspx?prmID=277403&prmTipo=DOCUMENTO_COMISION,https://www.camara.cl/verDoc.aspx?prmID=278232&prmTipo=DOCUMENTO_COMISION
2023,Mayo,61,08 may. 2023,CELEBRADA,https://www.camara.cl/legislacion/comisiones/citacion_detalle.aspx?prmId=3317&prmIdSesion=74609,https://www.camara.cl/verDoc.aspx?prmID=276553&prmTipo=DOCUMENTO_COMISION,https://www.camara.cl/verDoc.aspx?prmID=277360&prmTipo=DOCUMENTO_COMISION
2023,Abril,60,25 abr. 2023,CELEBRADA,https://www.camara.cl/legislacion/comisiones/citacion_detalle.aspx?prmId=3317&prmIdSesion=74576,https://www.camara.cl/verDoc.aspx?prmID=275978&prmTipo=DOCUMENTO_COMISION,https://www.camara.cl/verDoc.aspx?prmID=276339&prmTipo=DOCUMENTO_COMISION
2023,Abril,59,24 abr. 2023,CELEBRADA,https://www.camara.cl/legislacion/comisiones/citacion_detalle.aspx?prmId=3317&prmIdSesion=74551,https://www.camara.cl/verDoc.aspx?prmID=275776&prmTipo=DOCUMENTO_COMISION,https://www.camara.cl/verDoc.aspx?prmID=276310&prmTipo=DOCUMENTO_COMISION
2023,Abril,58,17 abr. 2023,CELEBRADA,https://www.camara.cl/legislacion/comisiones/citacion_detalle.aspx?prmId=3317&prmIdSesion=74502,https://www.camara.cl/verDoc.aspx?prmID=275118&prmTipo=DOCUMENTO_COMISION,https://www.camara.cl/verDoc.aspx?prmID=276307&prmTipo=DOCUMENTO_COMISION
2023,Abril,57,11 abr. 2023,CELEBRADA,https://www.camara.cl/legislacion/comisiones/citacion_detalle.aspx?prmId=3317&prmIdSesion=74320,https://www.camara.cl/verDoc.aspx?prmID=274210&prmTipo=DOCUMENTO_COMISION,https://www.camara.cl/verDoc.aspx?prmID=276243&prmTipo=DOCUMENTO_COMISION
2023,Abril,56,04 abr. 2023,CELEBRADA,https://www.camara.cl/legislacion/comisiones/citacion_detalle.aspx?prmId=3317&prmIdSesion=74226,https://www.camara.cl/verDoc.aspx?prmID=273439&prmTipo=DOCUMENTO_COMISION,https://www.camara.cl/verDoc.aspx?prmID=274382&prmTipo=DOCUMENTO_COMISION
2023,Marzo,55,21 mar. 2023,CELEBRADA,https://www.camara.cl/legislacion/comisiones/citacion_detalle.aspx?prmId=3317&prmIdSesion=74118,https://www.camara.cl/verDoc.aspx?prmID=272536&prmTipo=DOCUMENTO_COMISION,https://www.camara.cl/verDoc.aspx?prmID=272958&prmTipo=DOCUMENTO_COMISION
2023,Marzo,54,14 mar. 2023,CELEBRADA,https://www.camara.cl/legislacion/comisiones/citacion_detalle.aspx?prmId=3317&prmIdSesion=74043,https://www.camara.cl/verDoc.aspx?prmID=272917&prmTipo=DOCUMENTO_COMISION,https://www.camara.cl/verDoc.aspx?prmID=272956&prmTipo=DOCUMENTO_COMISION
2023,Marzo,53,07 mar. 2023,CELEBRADA,https://www.camara.cl/legislacion/comisiones/citacion_detalle.aspx?prmId=3317&prmIdSesion=73907,https://www.camara.cl/verDoc.aspx?prmID=271296&prmTipo=DOCUMENTO_COMISION,https://www.camara.cl/verDoc.aspx?prmID=272218&prmTipo=DOCUMENTO_COMISION
2023,Marzo,52,06 mar. 2023,CELEBRADA,https://www.camara.cl/legislacion/comisiones/citacion_detalle.aspx?prmId=3317&prmIdSesion=73936,https://www.camara.cl/verDoc.aspx?prmID=270925&prmTipo=DOCUMENTO_COMISION,https://www.camara.cl/verDoc.aspx?prmID=272316&prmTipo=DOCUMENTO_COMISION
2023,Enero,51,24 ene. 2023,CELEBRADA,https://www.camara.cl/legislacion/comisiones/citacion_detalle.aspx?prmId=3317&prmIdSesion=73812,https://www.camara.cl/verDoc.aspx?prmID=270244&prmTipo=DOCUMENTO_COMISION,https://www.camara.cl/verDoc.aspx?prmID=270809&prmTipo=DOCUMENTO_COMISION
2023,Enero,50,23 ene. 2023,CELEBRADA,https://www.camara.cl/legislacion/comisiones/citacion_detalle.aspx?prmId=3317&prmIdSesion=73810,https://www.camara.cl/verDoc.aspx?prmID=270198&prmTipo=DOCUMENTO_COMISION,https://www.camara.cl/verDoc.aspx?prmID=270808&prmTipo=DOCUMENTO_COMISION
2023,Enero,49,17 ene. 2023,CELEBRADA,https://www.camara.cl/legislacion/comisiones/citacion_detalle.aspx?prmId=3317&prmIdSesion=73776,https://www.camara.cl/verDoc.aspx?prmID=269950&prmTipo=DOCUMENTO_COMISION,https://www.camara.cl/verDoc.aspx?prmID=269939&prmTipo=DOCUMENTO_COMISION
2023,Enero,48,12 ene. 2023,CELEBRADA,https://www.camara.cl/legislacion/comisiones/citacion_detalle.aspx?prmId=3317&prmIdSesion=73716,No,https://www.camara.cl/verDoc.aspx?prmID=269936&prmTipo=DOCUMENTO_COMISION
2023,Enero,47,10 ene. 2023,CELEBRADA,https://www.camara.cl/legislacion/comisiones/citacion_detalle.aspx?prmId=3317&prmIdSesion=73597,https://www.camara.cl/verDoc.aspx?prmID=269059&prmTipo=DOCUMENTO_COMISION,https://www.camara.cl/verDoc.aspx?prmID=269352&prmTipo=DOCUMENTO_COMISION
2023,Enero,46,03 ene. 2023,CELEBRADA,https://www.camara.cl/legislacion/comisiones/citacion_detalle.aspx?prmId=3317&prmIdSesion=73351,https://www.camara.cl/verDoc.aspx?prmID=268452&prmTipo=DOCUMENTO_COMISION,https://www.camara.cl/verDoc.aspx?prmID=269314&prmTipo=DOCUMENTO_COMISION
2022,Diciembre,45,20 dic. 2022,CELEBRADA,https://www.camara.cl/legislacion/comisiones/citacion_detalle.aspx?prmId=3317&prmIdSesion=73268,https://www.camara.cl/verDoc.aspx?prmID=267327&prmTipo=DOCUMENTO_COMISION,https://www.camara.cl/verDoc.aspx?prmID=267943&prmTipo=DOCUMENTO_COMISION
2022,Diciembre,44,13 dic. 2022,CELEBRADA,https://www.camara.cl/legislacion/comisiones/citacion_detalle.aspx?prmId=3317&prmIdSesion=73100,https://www.camara.cl/verDoc.aspx?prmID=266367&prmTipo=DOCUMENTO_COMISION,https://www.camara.cl/verDoc.aspx?prmID=266821&prmTipo=DOCUMENTO_COMISION
2022,Noviembre,43,29 nov. 2022,CELEBRADA,https://www.camara.cl/legislacion/comisiones/citacion_detalle.aspx?prmId=3317&prmIdSesion=73086,https://www.camara.cl/verDoc.aspx?prmID=266310&prmTipo=DOCUMENTO_COMISION,https://www.camara.cl/verDoc.aspx?prmID=265897&prmTipo=DOCUMENTO_COMISION
2022,Noviembre,43,28 nov. 2022,SUSPENDIDA,https://www.camara.cl/legislacion/comisiones/citacion_detalle.aspx?prmId=3317&prmIdSesion=73033,No,No
2022,Noviembre,42,22 nov. 2022,CELEBRADA,https://www.camara.cl/legislacion/comisiones/citacion_detalle.aspx?prmId=3317&prmIdSesion=73007,https://www.camara.cl/verDoc.aspx?prmID=264756&prmTipo=DOCUMENTO_COMISION,https://www.camara.cl/verDoc.aspx?prmID=265778&prmTipo=DOCUMENTO_COMISION
2022,Noviembre,41,08 nov. 2022,CELEBRADA,https://www.camara.cl/legislacion/comisiones/citacion_detalle.aspx?prmId=3317&prmIdSesion=72906,https://www.camara.cl/verDoc.aspx?prmID=263800&prmTipo=DOCUMENTO_COMISION,https://www.camara.cl/verDoc.aspx?prmID=264225&prmTipo=DOCUMENTO_COMISION
2022,Octubre,40,25 oct. 2022,CELEBRADA,https://www.camara.cl/legislacion/comisiones/citacion_detalle.aspx?prmId=3317&prmIdSesion=72738,https://www.camara.cl/verDoc.aspx?prmID=262880&prmTipo=DOCUMENTO_COMISION,https://www.camara.cl/verDoc.aspx?prmID=263318&prmTipo=DOCUMENTO_COMISION
2022,Octubre,39,18 oct. 2022,CITADA,https://www.camara.cl/legislacion/comisiones/citacion_detalle.aspx?prmId=3317&prmIdSesion=72634,https://www.camara.cl/verDoc.aspx?prmID=262043&prmTipo=DOCUMENTO_COMISION,https://www.camara.cl/verDoc.aspx?prmID=262368&prmTipo=DOCUMENTO_COMISION
2022,Octubre,38,17 oct. 2022,CELEBRADA,https://www.camara.cl/legislacion/comisiones/citacion_detalle.aspx?prmId=3317&prmIdSesion=72633,https://www.camara.cl/verDoc.aspx?prmID=261863&prmTipo=DOCUMENTO_COMISION,https://www.camara.cl/verDoc.aspx?prmID=262335&prmTipo=DOCUMENTO_COMISION
2022,Octubre,37,11 oct. 2022,CELEBRADA,https://www.camara.cl/legislacion/comisiones/citacion_detalle.aspx?prmId=3317&prmIdSesion=72555,https://www.camara.cl/verDoc.aspx?prmID=261488&prmTipo=DOCUMENTO_COMISION,https://www.camara.cl/verDoc.aspx?prmID=262364&prmTipo=DOCUMENTO_COMISION
2022,Octubre,36,04 oct. 2022,CELEBRADA,https://www.camara.cl/legislacion/comisiones/citacion_detalle.aspx?prmId=3317&prmIdSesion=72530,https://www.camara.cl/verDoc.aspx?prmID=260905&prmTipo=DOCUMENTO_COMISION,https://www.camara.cl/verDoc.aspx?prmID=261302&prmTipo=DOCUMENTO_COMISION
2022,Septiembre,35,27 sep. 2022,CELEBRADA,https://www.camara.cl/legislacion/comisiones/citacion_detalle.aspx?prmId=3317&prmIdSesion=72421,https://www.camara.cl/verDoc.aspx?prmID=260168&prmTipo=DOCUMENTO_COMISION,https://www.camara.cl/verDoc.aspx?prmID=260613&prmTipo=DOCUMENTO_COMISION
2022,Septiembre,34,13 sep. 2022,CELEBRADA,https://www.camara.cl/legislacion/comisiones/citacion_detalle.aspx?prmId=3317&prmIdSesion=72365,https://www.camara.cl/verDoc.aspx?prmID=259502&prmTipo=DOCUMENTO_COMISION,https://www.camara.cl/verDoc.aspx?prmID=260045&prmTipo=DOCUMENTO_COMISION
2022,Septiembre,33,06 sep. 2022,CELEBRADA,https://www.camara.cl/legislacion/comisiones/citacion_detalle.aspx?prmId=3317&prmIdSesion=72302,https://www.camara.cl/verDoc.aspx?prmID=258990&prmTipo=DOCUMENTO_COMISION,https://www.camara.cl/verDoc.aspx?prmID=259298&prmTipo=DOCUMENTO_COMISION
2022,Agosto,32,31 ago. 2022,CELEBRADA,https://www.camara.cl/legislacion/comisiones/citacion_detalle.aspx?prmId=3317&prmIdSesion=72260,https://www.camara.cl/verDoc.aspx?prmID=258453&prmTipo=DOCUMENTO_COMISION,https://www.camara.cl/verDoc.aspx?prmID=258789&prmTipo=DOCUMENTO_COMISION
2022,Agosto,31,30 ago. 2022,CELEBRADA,https://www.camara.cl/legislacion/comisiones/citacion_detalle.aspx?prmId=3317&prmIdSesion=72239,https://www.camara.cl/verDoc.aspx?prmID=258450&prmTipo=DOCUMENTO_COMISION,https://www.camara.cl/verDoc.aspx?prmID=258784&prmTipo=DOCUMENTO_COMISION
2022,Agosto,30,29 ago. 2022,CELEBRADA,https://www.camara.cl/legislacion/comisiones/citacion_detalle.aspx?prmId=3317&prmIdSesion=72238,https://www.camara.cl/verDoc.aspx?prmID=258172&prmTipo=DOCUMENTO_COMISION,https://www.camara.cl/verDoc.aspx?prmID=258830&prmTipo=DOCUMENTO_COMISION
2022,Agosto,29,16 ago. 2022,CELEBRADA,https://www.camara.cl/legislacion/comisiones/citacion_detalle.aspx?prmId=3317&prmIdSesion=72181,https://www.camara.cl/verDoc.aspx?prmID=257558&prmTipo=DOCUMENTO_COMISION,https://www.camara.cl/verDoc.aspx?prmID=258070&prmTipo=DOCUMENTO_COMISION
2022,Agosto,28,09 ago. 2022,CELEBRADA,https://www.camara.cl/legislacion/comisiones/citacion_detalle.aspx?prmId=3317&prmIdSesion=72133,https://www.camara.cl/verDoc.aspx?prmID=257049&prmTipo=DOCUMENTO_COMISION,https://www.camara.cl/verDoc.aspx?prmID=257771&prmTipo=DOCUMENTO_COMISION
2022,Agosto,27,08 ago. 2022,CELEBRADA,https://www.camara.cl/legislacion/comisiones/citacion_detalle.aspx?prmId=3317&prmIdSesion=72132,https://www.camara.cl/verDoc.aspx?prmID=256869&prmTipo=DOCUMENTO_COMISION,https://www.camara.cl/verDoc.aspx?prmID=257366&prmTipo=DOCUMENTO_COMISION
2022,Agosto,26,02 ago. 2022,CELEBRADA,https://www.camara.cl/legislacion/comisiones/citacion_detalle.aspx?prmId=3317&prmIdSesion=72045,https://www.camara.cl/verDoc.aspx?prmID=256163&prmTipo=DOCUMENTO_COMISION,https://www.camara.cl/verDoc.aspx?prmID=257850&prmTipo=DOCUMENTO_COMISION
2022,Agosto,25,01 ago. 2022,CELEBRADA,https://www.camara.cl/legislacion/comisiones/citacion_detalle.aspx?prmId=3317&prmIdSesion=72044,https://www.camara.cl/verDoc.aspx?prmID=255886&prmTipo=DOCUMENTO_COMISION,https://www.camara.cl/verDoc.aspx?prmID=257321&prmTipo=DOCUMENTO_COMISION
2022,Julio,24,19 jul. 2022,CELEBRADA,https://www.camara.cl/legislacion/comisiones/citacion_detalle.aspx?prmId=3317&prmIdSesion=71951,https://www.camara.cl/verDoc.aspx?prmID=255332&prmTipo=DOCUMENTO_COMISION,https://www.camara.cl/verDoc.aspx?prmID=256534&prmTipo=DOCUMENTO_COMISION
2022,Julio,23,18 jul. 2022,CELEBRADA,https://www.camara.cl/legislacion/comisiones/citacion_detalle.aspx?prmId=3317&prmIdSesion=71950,https://www.camara.cl/verDoc.aspx?prmID=255220&prmTipo=DOCUMENTO_COMISION,https://www.camara.cl/verDoc.aspx?prmID=255491&prmTipo=DOCUMENTO_COMISION
2022,Julio,22,12 jul. 2022,CELEBRADA,https://www.camara.cl/legislacion/comisiones/citacion_detalle.aspx?prmId=3317&prmIdSesion=71915,https://www.camara.cl/verDoc.aspx?prmID=254959&prmTipo=DOCUMENTO_COMISION,https://www.camara.cl/verDoc.aspx?prmID=255200&prmTipo=DOCUMENTO_COMISION
2022,Julio,21,11 jul. 2022,CELEBRADA,https://www.camara.cl/legislacion/comisiones/citacion_detalle.aspx?prmId=3317&prmIdSesion=71852,https://www.camara.cl/verDoc.aspx?prmID=254817&prmTipo=DOCUMENTO_COMISION,https://www.camara.cl/verDoc.aspx?prmID=255071&prmTipo=DOCUMENTO_COMISION
2022,Julio,20,05 jul. 2022,CELEBRADA,https://www.camara.cl/legislacion/comisiones/citacion_detalle.aspx?prmId=3317&prmIdSesion=71865,https://www.camara.cl/verDoc.aspx?prmID=254306&prmTipo=DOCUMENTO_COMISION,https://www.camara.cl/verDoc.aspx?prmID=254540&prmTipo=DOCUMENTO_COMISION
2022,Julio,19,04 jul. 2022,CELEBRADA,https://www.camara.cl/legislacion/comisiones/citacion_detalle.aspx?prmId=3317&prmIdSesion=71864,https://www.camara.cl/verDoc.aspx?prmID=254032&prmTipo=DOCUMENTO_COMISION,https://www.camara.cl/verDoc.aspx?prmID=254587&prmTipo=DOCUMENTO_COMISION
2022,Junio,18,28 jun. 2022,CELEBRADA,https://www.camara.cl/legislacion/comisiones/citacion_detalle.aspx?prmId=3317&prmIdSesion=71755,https://www.camara.cl/verDoc.aspx?prmID=253612&prmTipo=DOCUMENTO_COMISION,https://www.camara.cl/verDoc.aspx?prmID=255023&prmTipo=DOCUMENTO_COMISION
2022,Junio,17,14 jun. 2022,CELEBRADA,https://www.camara.cl/legislacion/comisiones/citacion_detalle.aspx?prmId=3317&prmIdSesion=71719,https://www.camara.cl/verDoc.aspx?prmID=253002&prmTipo=DOCUMENTO_COMISION,https://www.camara.cl/verDoc.aspx?prmID=254144&prmTipo=DOCUMENTO_COMISION
2022,Junio,16,13 jun. 2022,CELEBRADA,https://www.camara.cl/legislacion/comisiones/citacion_detalle.aspx?prmId=3317&prmIdSesion=71718,No,https://www.camara.cl/verDoc.aspx?prmID=253427&prmTipo=DOCUMENTO_COMISION
2022,Junio,15,07 jun. 2022,CELEBRADA,https://www.camara.cl/legislacion/comisiones/citacion_detalle.aspx?prmId=3317&prmIdSesion=71639,https://www.camara.cl/verDoc.aspx?prmID=252471&prmTipo=DOCUMENTO_COMISION,https://www.camara.cl/verDoc.aspx?prmID=253450&prmTipo=DOCUMENTO_COMISION
2022,Junio,14,06 jun. 2022,CELEBRADA,https://www.camara.cl/legislacion/comisiones/citacion_detalle.aspx?prmId=3317&prmIdSesion=71638,No,https://www.camara.cl/verDoc.aspx?prmID=252843&prmTipo=DOCUMENTO_COMISION
2022,Mayo,13,31 may. 2022,CELEBRADA,https://www.camara.cl/legislacion/comisiones/citacion_detalle.aspx?prmId=3317&prmIdSesion=71545,https://www.camara.cl/verDoc.aspx?prmID=252199&prmTipo=DOCUMENTO_COMISION,https://www.camara.cl/verDoc.aspx?prmID=253457&prmTipo=DOCUMENTO_COMISION
2022,Mayo,12,30 may. 2022,CELEBRADA,https://www.camara.cl/legislacion/comisiones/citacion_detalle.aspx?prmId=3317&prmIdSesion=71544,https://www.camara.cl/verDoc.aspx?prmID=251796&prmTipo=DOCUMENTO_COMISION,https://www.camara.cl/verDoc.aspx?prmID=252036&prmTipo=DOCUMENTO_COMISION
2022,Mayo,11,17 may. 2022,CELEBRADA,https://www.camara.cl/legislacion/comisiones/citacion_detalle.aspx?prmId=3317&prmIdSesion=71438,https://www.camara.cl/verDoc.aspx?prmID=251335&prmTipo=DOCUMENTO_COMISION,https://www.camara.cl/verDoc.aspx?prmID=252407&prmTipo=DOCUMENTO_COMISION
2022,Mayo,10,16 may. 2022,CELEBRADA,https://www.camara.cl/legislacion/comisiones/citacion_detalle.aspx?prmId=3317&prmIdSesion=71436,https://www.camara.cl/verDoc.aspx?prmID=251184&prmTipo=DOCUMENTO_COMISION,https://www.camara.cl/verDoc.aspx?prmID=251574&prmTipo=DOCUMENTO_COMISION
2022,Mayo,9,10 may. 2022,CELEBRADA,https://www.camara.cl/legislacion/comisiones/citacion_detalle.aspx?prmId=3317&prmIdSesion=71356,https://www.camara.cl/verDoc.aspx?prmID=250759&prmTipo=DOCUMENTO_COMISION,https://www.camara.cl/verDoc.aspx?prmID=252406&prmTipo=DOCUMENTO_COMISION
2022,Mayo,8,09 may. 2022,CELEBRADA,https://www.camara.cl/legislacion/comisiones/citacion_detalle.aspx?prmId=3317&prmIdSesion=71315,https://www.camara.cl/verDoc.aspx?prmID=250481&prmTipo=DOCUMENTO_COMISION,https://www.camara.cl/verDoc.aspx?prmID=251603&prmTipo=DOCUMENTO_COMISION
2022,Mayo,7,03 may. 2022,CELEBRADA,https://www.camara.cl/legislacion/comisiones/citacion_detalle.aspx?prmId=3317&prmIdSesion=71118,https://www.camara.cl/verDoc.aspx?prmID=249977&prmTipo=DOCUMENTO_COMISION,https://www.camara.cl/verDoc.aspx?prmID=250428&prmTipo=DOCUMENTO_COMISION
2022,Mayo,6,02 may. 2022,CELEBRADA,https://www.camara.cl/legislacion/comisiones/citacion_detalle.aspx?prmId=3317&prmIdSesion=71117,https://www.camara.cl/verDoc.aspx?prmID=249663&prmTipo=DOCUMENTO_COMISION,https://www.camara.cl/verDoc.aspx?prmID=250406&prmTipo=DOCUMENTO_COMISION
2022,Abril,5,19 abr. 2022,CELEBRADA,https://www.camara.cl/legislacion/comisiones/citacion_detalle.aspx?prmId=3317&prmIdSesion=71062,https://www.camara.cl/verDoc.aspx?prmID=249122&prmTipo=DOCUMENTO_COMISION,https://www.camara.cl/verDoc.aspx?prmID=249561&prmTipo=DOCUMENTO_COMISION
2022,Abril,4,12 abr. 2022,CELEBRADA,https://www.camara.cl/legislacion/comisiones/citacion_detalle.aspx?prmId=3317&prmIdSesion=70996,https://www.camara.cl/verDoc.aspx?prmID=248584&prmTipo=DOCUMENTO_COMISION,https://www.camara.cl/verDoc.aspx?prmID=248795&prmTipo=DOCUMENTO_COMISION
2022,Abril,3,05 abr. 2022,CELEBRADA,https://www.camara.cl/legislacion/comisiones/citacion_detalle.aspx?prmId=3317&prmIdSesion=70910,https://www.camara.cl/verDoc.aspx?prmID=248100&prmTipo=DOCUMENTO_COMISION,https://www.camara.cl/verDoc.aspx?prmID=248462&prmTipo=DOCUMENTO_COMISION
2022,Marzo,2,22 mar. 2022,CELEBRADA,https://www.camara.cl/legislacion/comisiones/citacion_detalle.aspx?prmId=3317&prmIdSesion=70838,https://www.camara.cl/verDoc.aspx?prmID=247526&prmTipo=DOCUMENTO_COMISION,https://www.camara.cl/verDoc.aspx?prmID=247891&prmTipo=DOCUMENTO_COMISION
2022,Marzo,1,15 mar. 2022,CELEBRADA,https://www.camara.cl/legislacion/comisiones/citacion_detalle.aspx?prmId=3317&prmIdSesion=70807,https://www.camara.cl/verDoc.aspx?prmID=246910&prmTipo=DOCUMENTO_COMISION,https://www.camara.cl/verDoc.aspx?prmID=247892&prmTipo=DOCUMENTO_COMISION
2022,Marzo,156,01 mar. 2022,CELEBRADA,https://www.camara.cl/legislacion/comisiones/citacion_detalle.aspx?prmId=3317&prmIdSesion=70489,https://www.camara.cl/verDoc.aspx?prmID=246132&prmTipo=DOCUMENTO_COMISION,https://www.camara.cl/verDoc.aspx?prmID=246600&prmTipo=DOCUMENTO_COMISION
2022,Enero,155,18 ene. 2022,CELEBRADA,https://www.camara.cl/legislacion/comisiones/citacion_detalle.aspx?prmId=3317&prmIdSesion=70421,https://www.camara.cl/verDoc.aspx?prmID=244976&prmTipo=DOCUMENTO_COMISION,https://www.camara.cl/verDoc.aspx?prmID=246645&prmTipo=DOCUMENTO_COMISION
2022,Enero,154,11 ene. 2022,CELEBRADA,https://www.camara.cl/legislacion/comisiones/citacion_detalle.aspx?prmId=3317&prmIdSesion=70362,https://www.camara.cl/verDoc.aspx?prmID=244359&prmTipo=DOCUMENTO_COMISION,https://www.camara.cl/verDoc.aspx?prmID=244811&prmTipo=DOCUMENTO_COMISION
2022,Enero,153,04 ene. 2022,CELEBRADA,https://www.camara.cl/legislacion/comisiones/citacion_detalle.aspx?prmId=3317&prmIdSesion=70257,https://www.camara.cl/verDoc.aspx?prmID=243757&prmTipo=DOCUMENTO_COMISION,https://www.camara.cl/verDoc.aspx?prmID=245037&prmTipo=DOCUMENTO_COMISION
